# MSE,MAE,RMSE,MAPE,U
3.009450,17.468607,1.734777,0.028269,0.971731
