# MSE,MAE,RMSE,MAPE,U
20.350811,538.486704,4.511187,0.190270,0.809730
5.643329,40.067599,2.375569,0.052756,0.947244
6.097721,46.599141,2.469356,0.057005,0.942995
