# MSE,MAE,RMSE,MAPE,U
20.350811,538.486704,4.511187,0.190270,0.809730
0.405378,0.241081,0.636693,0.003799,0.996201
0.542791,0.374570,0.736744,0.005073,0.994927
