# et,lnet,linear,rbf,poly,et-linear,et-rbf,et-poly
106.285000,4.666124,0.000000,0.000000,0.000000,0.000000,0.000000,0.000000
105.900000,4.662495,0.037792,-0.013594,-0.012400,110.378541,104.849966,104.975163
106.605000,4.669130,0.047518,-0.013594,-0.012492,115.750136,103.434307,103.671936
106.775000,4.670724,0.044623,-0.013594,-0.011956,121.032272,102.037762,102.439846
107.385000,4.676421,0.047171,-0.013594,-0.012827,126.878312,100.660073,101.134275
106.925000,4.672128,0.043828,-0.013594,-0.012675,132.562821,99.300986,99.860456
106.780000,4.670771,0.046413,-0.013594,-0.012715,138.860528,97.960248,98.598729
107.195000,4.674650,0.040211,-0.013594,-0.012424,144.558069,96.637612,97.381290
