# et,lnet,ANN,et_ANN
106.285000,4.666124,0.000000,0.000000
105.900000,4.662495,-0.087806,97.350572
106.605000,4.669130,0.075516,104.986803
106.775000,4.670724,0.009444,105.982991
107.385000,4.676421,0.017065,107.807135
106.925000,4.672128,-0.056528,101.882105
106.780000,4.670771,0.003828,102.272821
107.195000,4.674650,0.048258,107.329307
