# et,lnet,linear,rbf,poly,et-linear,et-rbf,et-poly
106.285000,4.666124,0.000000,0.000000,0.000000,0.000000,0.000000,0.000000
105.900000,4.662495,0.037792,-0.001948,0.002931,110.378541,106.078133,106.596977
106.605000,4.669130,0.047518,0.002156,-0.000266,115.750136,106.307038,106.568673
106.775000,4.670724,0.044623,-0.000028,0.009743,121.032272,106.304026,107.612070
107.385000,4.676421,0.047171,0.000675,-0.005429,126.878312,106.375832,107.029375
106.925000,4.672128,0.043828,-0.000565,-0.001661,132.562821,106.315799,106.851768
106.780000,4.670771,0.046413,0.000947,-0.003752,138.860528,106.416536,106.451568
107.195000,4.674650,0.040211,-0.000867,0.002191,144.558069,106.324365,106.685014
